seed,modelo,g_ajustada,rmse,mae,r2,r,rmse_trivial,g_mediana,err_rel_%
0,fisica_g_global,-9.371990317677863,0.2310288562565989,0.09612174687023582,0.8128126229624677,0.9356269464102681,0.5339836365700494,-9.371990317677863,4.464930502774083
0,ajuste_por_clip,,0.04344663852362687,0.029765796608070754,0.9933800232543183,0.9966845154081198,0.5339836365700494,-9.374927264767521,4.434992204204681
1,fisica_g_global,-9.448690206438714,0.3052308735371782,0.1126828795431309,0.6985428371790134,0.9033407042481297,0.5559242974000961,-9.448690206438714,3.683076386965202
1,ajuste_por_clip,,0.045891740479260486,0.031102702229637878,0.9931854411536531,0.9965868959371548,0.5559242974000961,-9.273461295933645,5.469303813112697
2,fisica_g_global,-9.382877527137914,0.1507979600091383,0.06608775998275802,0.9194236832605195,0.9638392003125926,0.5312412144017209,-9.382877527137914,4.353949774333192
2,ajuste_por_clip,,0.04235703429290867,0.029217946329021718,0.9936427752211506,0.9968163197004506,0.5312412144017209,-9.580810160055453,2.3362878689556323
3,fisica_g_global,-9.379459079740574,0.3445052462902284,0.11574095694950952,0.6042322309141801,0.8825926202783758,0.5476153693541761,-9.379459079740574,4.388796332919741
3,ajuste_por_clip,,0.04858065751764233,0.030703763808013776,0.9921299857281445,0.9960572201074318,0.5476153693541761,-9.359127698357797,4.59604792703571
4,fisica_g_global,-9.28663116559512,0.21012123393900878,0.07761513311962805,0.8442686144775774,0.9341548101353994,0.5324537239323177,-9.28663116559512,5.3350543772159105
4,ajuste_por_clip,,0.044691757607369154,0.028630494416741446,0.9929548356034613,0.9964711915572182,0.5324537239323177,-9.677039658860226,1.3553551594268587
