seed,arquitectura,epoca,tiempo_s,train_mse,val_mse,rmse,mae,r2,r,rmse_trivial,g_mediana,g_media,g_std,g_iqr,err_rel_%,n
0,simple,1,0.011093616485595703,1.0029361992136676,0.9334996342658997,0.5051641464233398,0.3623511493206024,0.08632636070251465,0.7197831005111623,0.5284902453422546,0.1332380235531312,0.35593150754197384,0.4390113928773201,0.5866984059035151,101.3581857650676,87
0,simple,2,0.02025151252746582,0.8609503036421289,0.7978187799453735,0.4669550359249115,0.3251591920852661,0.2193143367767334,0.7575208511515487,0.5284902453422546,1.005591449794125,0.9344147408971096,0.8004236957497203,1.5268307859104402,110.25067736793194,87
0,simple,5,0.04683041572570801,0.4953017885952179,0.4663601815700531,0.3547714948654175,0.20145894587039948,0.5493664145469666,0.8395390473974991,0.5284902453422546,3.2233167417365896,2.648569547003404,1.9836531472766235,4.229671295621167,132.85745914104575,87
0,simple,10,0.09070348739624023,0.26719029802814515,0.2688669264316559,0.26729780435562134,0.16296504437923431,0.7441903948783875,0.8896237820788699,0.5284902453422546,0.6636612043217605,1.5845543979721515,1.811178228511418,3.3063028622708384,106.76514989114945,87
0,simple,20,0.17632174491882324,0.15684915164746244,0.16884185373783112,0.21358418464660645,0.14872603118419647,0.8366706371307373,0.9175151582903408,0.5284902453422546,7.245451225657007e-07,0.6547011125288495,1.1625331732214979,0.9977565067138988,100.00000738578106,87
0,simple,50,0.429736852645874,0.13230035195039494,0.14559714496135712,0.2015942931175232,0.14873939752578735,0.8544934391975403,0.9250426458309398,0.5284902453422546,4.0845719317950113e-07,0.20225311110244928,0.6839301678240408,3.2215558768422525e-06,100.00000416368188,87
0,simple,100,0.8508768081665039,0.13187452284008006,0.14559544622898102,0.20161333680152893,0.14935019612312317,0.8544659614562988,0.9253019306236927,0.5284902453422546,4.447059260836994e-07,0.1391900017282678,0.5992306710246111,2.050007308684876e-06,100.00000453318987,87
0,simple,200,1.7004165649414062,0.1321161443851542,0.14547006785869598,0.2006314992904663,0.14674855768680573,0.8558799624443054,0.9256670209387835,0.5284902453422546,5.732151080461989e-07,0.14701388182119807,0.6236751226023828,2.06240194167151e-06,100.00000584317132,87
0,simple,400,3.383255958557129,0.13139861739740993,0.14517849683761597,0.20131152868270874,0.14860741794109344,0.8549013137817383,0.9253194675155206,0.5284902453422546,4.0258081357436026e-07,0.15165144036309183,0.6214097903549933,2.091582628316324e-06,100.00000410377996,87
0,simple,800,6.7472898960113525,0.13149446829514908,0.1451641470193863,0.20142629742622375,0.14874880015850067,0.8547358512878418,0.9253851732463579,0.5284902453422546,3.087841746740594e-07,0.14506224609473825,0.6158167292117191,2.234080464513788e-06,100.00000314764704,87
0,media,1,0.00905466079711914,0.9781569830843314,0.7844101190567017,0.4684804677963257,0.39863836765289307,0.2142053246498108,0.7594258448003585,0.5284902453422546,-2.0737855418110236,-1.8378633129108999,0.8849018424755948,1.219109090954979,78.86049396726786,87
0,media,2,0.01804804801940918,0.6502370157211813,0.47824811935424805,0.36703619360923767,0.31857478618621826,0.5176705121994019,0.8786955349510726,0.5284902453422546,-5.199158420770226,-4.8554943337316105,1.6349753656470232,1.8393198145688574,47.001443213351415,87
0,media,5,0.04411196708679199,0.18085704787400156,0.17920969426631927,0.23329415917396545,0.1717757284641266,0.8051350116729736,0.9091564987651723,0.5284902453422546,-12.758646353642888,-11.914537571247799,2.5244058736098807,3.931938762483899,30.057557121741972,87
0,media,10,0.08720135688781738,0.10464015712691954,0.12074033170938492,0.190202534198761,0.11677742749452591,0.8704735040664673,0.9353296246433569,0.5284902453422546,-10.284324051522757,-10.477137726206484,3.383249215317779,5.959055623425273,4.835107558845636,87
0,media,20,0.17234396934509277,0.08835180782078625,0.11411794275045395,0.1791536808013916,0.09718219190835953,0.8850847482681274,0.9418898667333176,0.5284902453422546,-8.331147672333497,-8.6904111167449,2.9765369634460987,4.8794198671247555,15.074947274887904,87
0,media,50,0.4263617992401123,0.08559750833659963,0.11755097657442093,0.17739275097846985,0.09642531722784042,0.8873327374458313,0.9420018065899306,0.5284902453422546,-8.27898666019278,-8.38087628187673,2.5178304301400805,4.2002588034909145,15.606659936872784,87
0,media,100,0.850919246673584,0.08556574163749113,0.11098483949899673,0.17843122780323029,0.09417351335287094,0.886009693145752,0.9436118654020061,0.5284902453422546,-8.064667807240427,-8.081108905115359,2.4573247471623376,4.285488061316267,17.791357724358544,87
0,media,200,1.6962120532989502,0.08469313428203325,0.1136661022901535,0.17966200411319733,0.09356436133384705,0.8844317197799683,0.9417820503363767,0.5284902453422546,-8.278472570946716,-8.285163139259417,2.384841552292896,3.9416683262460044,15.611900398096678,87
0,media,400,3.3725831508636475,0.08557804966619495,0.11202821135520935,0.17917998135089874,0.093206025660038,0.8850510120391846,0.9427512390241132,0.5284902453422546,-8.241212910729772,-8.313468381411319,2.588435707507014,4.255642038158447,15.991713448218439,87
0,media,800,6.74834680557251,0.08519592575431942,0.11602392047643661,0.17547111213207245,0.09330173581838608,0.8897604942321777,0.9432744500278245,0.5284902453422546,-8.07389271866899,-8.020510705841343,2.394982560835356,3.874936108568254,17.69732192997972,87
0,tanh_deep,1,0.013683557510375977,0.3141915732545341,0.20213750004768372,0.23420314490795135,0.1476432979106903,0.803613543510437,0.9136365332388005,0.5284902453422546,-1.6661877655958384,-1.925793548203749,2.0806157015858155,3.253615892718103,83.0154152334777,87
0,tanh_deep,2,0.02680683135986328,0.13405793287688328,0.13474798202514648,0.1959371566772461,0.12509222328662872,0.8625452518463135,0.9314916854727048,0.5284902453422546,-5.737593680343382,-5.256122027792697,2.739891786419042,5.105539250396938,41.512806520454824,87
0,tanh_deep,5,0.06575369834899902,0.07320704720612947,0.10645259916782379,0.16241808235645294,0.08506409078836441,0.905551552772522,0.9517590438270658,0.5284902453422546,-8.638606547527946,-7.871482246131768,2.0659253023126762,2.3941215606062176,11.940809913068852,87
0,tanh_deep,10,0.13016605377197266,0.07021579994818104,0.10402726382017136,0.1680976003408432,0.08764477074146271,0.8988305926322937,0.9483768766616766,0.5284902453422546,-8.63747854198854,-7.968615909404459,2.3605339203468363,2.474427010684055,11.952308440483804,87
0,tanh_deep,20,0.2585761547088623,0.06777583423790941,0.1010216698050499,0.1648453176021576,0.08589029312133789,0.9027075171470642,0.9510141627067986,0.5284902453422546,-9.183851989117475,-8.393004570239933,2.577123066681548,2.6603689542397353,6.382752404510965,87
0,tanh_deep,50,0.6437907218933105,0.06489260525297254,0.09612483531236649,0.1585705727338791,0.08144773542881012,0.9099733233451843,0.9561885993655072,0.5284902453422546,-9.476691972136782,-8.36548381166163,2.634082264878956,2.0116936611987732,3.397635350287646,87
0,tanh_deep,100,1.2818682193756104,0.061922499637047185,0.09484682232141495,0.15214936435222626,0.0753793716430664,0.9171168208122253,0.9576730760338665,0.5284902453422546,-9.537991265639235,-8.606237963060664,2.3920626757492913,1.5934958723903083,2.7727699730964885,87
0,tanh_deep,200,2.5570318698883057,0.0600430867965435,0.09131589531898499,0.15356138348579407,0.08142107725143433,0.9155712723731995,0.9580712929533426,0.5284902453422546,-10.345191027439393,-9.283753451585868,2.695838779940647,2.3767381877914175,5.4555660289438554,87
0,tanh_deep,400,5.117018461227417,0.06022340474231071,0.09649841487407684,0.15756747126579285,0.08186187595129013,0.9111087322235107,0.9551037398768255,0.5284902453422546,-9.13442026015301,-8.038635698843645,2.778230536145114,2.454628577902575,6.886643627390313,87
0,tanh_deep,800,10.243150234222412,0.05816749256726043,0.09878533333539963,0.15963990986347198,0.08467977494001389,0.9087550044059753,0.9540917727021456,0.5284902453422546,-9.713340673152201,-8.721071858232417,2.44879968614737,1.9574517186656664,0.985314239019361,87
1,simple,1,0.009078741073608398,1.1775015901014947,1.0417133569717407,0.5435677766799927,0.47665661573410034,-0.11876356601715088,0.8051774706680763,0.5139070153236389,-1.0824609119751276,-0.8675750542064627,0.4858768582344518,0.8370217588794013,88.96573993909146,87
1,simple,2,0.01803898811340332,0.9287091081937036,0.7758339047431946,0.4737154543399811,0.41230082511901855,0.15029919147491455,0.8676573264353014,0.5139070153236389,-3.360993943277821,-3.0424460129287465,1.002767033613853,0.9368297028941708,65.7391035343749,87
1,simple,5,0.04428577423095703,0.3449556168017385,0.2776581048965454,0.30256524682044983,0.2499013990163803,0.6533676981925964,0.9021931484775499,0.5139070153236389,-9.96457213545981,-9.588056385500005,2.102122239159337,2.1975462965272605,1.575658873188671,87
1,simple,10,0.08723711967468262,0.14693244502988906,0.12153271585702896,0.21212482452392578,0.15521201491355896,0.8296218514442444,0.9215787149812438,0.5139070153236389,-11.520660033651495,-11.523876947735795,2.6089803052746436,4.162914139680122,17.4379208323292,87
1,simple,20,0.17209506034851074,0.10297669440476662,0.08447510749101639,0.18556910753250122,0.10965176671743393,0.869610607624054,0.9340937016985228,0.5139070153236389,-9.009032350852454,-9.727959829817545,3.285053469865944,5.994426021131716,8.164807840443897,87
1,simple,50,0.42490267753601074,0.10083548360626263,0.08153856545686722,0.18532797694206238,0.09962975233793259,0.869949221611023,0.9349271124135008,0.5139070153236389,-7.856373156757631,-8.284452692378313,2.6138589831116104,4.927179413927437,19.914646720105697,87
1,simple,100,0.8461389541625977,0.10192800001348264,0.0830644741654396,0.18290965259075165,0.10009691119194031,0.8733211159706116,0.9351181349310622,0.5139070153236389,-7.903375281743075,-8.343593889855454,2.563230103848143,4.847196934672134,19.435522102517083,87
1,simple,200,1.6919424533843994,0.10011161651121323,0.08127885311841965,0.184285506606102,0.1002863273024559,0.871408224105835,0.9351403767074039,0.5139070153236389,-7.6576031263682225,-8.056632160209546,2.4605385787170526,4.641412169886047,21.940844787276024,87
1,simple,400,3.379077672958374,0.10037277234514248,0.0828189104795456,0.182969331741333,0.09995696693658829,0.8732384443283081,0.9351121035227001,0.5139070153236389,-7.881177836076599,-8.252695295819123,2.476079782065375,4.680953866224058,19.66179575864833,87
1,simple,800,6.763057708740234,0.10014146851566272,0.08275707066059113,0.18302740156650543,0.09977570921182632,0.8731579780578613,0.9351506131831612,0.5139070153236389,-7.919660514916402,-8.301296804918486,2.5192520449862785,4.734162621834282,19.269515648150847,87
1,media,1,0.009099483489990234,0.8090273060981371,0.6096152663230896,0.42087194323539734,0.37139835953712463,0.3292959928512573,0.8608454740174096,0.5139070153236389,-6.463040604937149,-5.709890670593186,1.8794463015487022,1.869243114670434,34.11783277332163,87
1,media,2,0.018090486526489258,0.5226233561041113,0.3822559118270874,0.3491957187652588,0.2943342626094818,0.5382905006408691,0.8845127873245581,0.5139070153236389,-9.957237075005807,-9.29766112801126,2.3200355182501036,2.4321738189146203,1.5008876147380887,87
1,media,5,0.04465937614440918,0.13374990654106794,0.09759631752967834,0.19273440539836884,0.1210886538028717,0.859346866607666,0.9280944089850336,0.5139070153236389,-11.338973199906805,-10.928520565311638,2.0919127957145656,3.1163209435261976,15.585863403739086,87
1,media,10,0.08794569969177246,0.09544671005398274,0.07452694326639175,0.18469832837581635,0.09951842576265335,0.8708314299583435,0.9365872169953199,0.5139070153236389,-7.829892586152563,-7.684525438350943,2.266606529647037,3.9153430054209517,20.184581180911696,87
1,media,20,0.17426204681396484,0.09429665281727379,0.07574062049388885,0.1804535835981369,0.09956596046686172,0.8767002820968628,0.9371566450022456,0.5139070153236389,-7.826731236850636,-7.718070474004362,2.2397433425399744,3.8480950345053397,20.21680696380596,87
1,media,50,0.4302103519439697,0.09711794235940359,0.07431387901306152,0.18881720304489136,0.10134868323802948,0.8650060892105103,0.9371540166601385,0.5139070153236389,-7.9893926706382254,-7.79159202036921,2.358469761182017,4.139480259439682,18.55868837269903,87
1,media,100,0.8583736419677734,0.0927985828358982,0.07239265739917755,0.1808059960603714,0.1003800630569458,0.8762182593345642,0.9373100219308154,0.5139070153236389,-7.67240709656648,-7.3807838449871905,1.9413317147006364,2.908959885072802,21.789937853552708,87
1,media,200,1.709110975265503,0.09139810272281054,0.0710107684135437,0.18127748370170593,0.10449554771184921,0.8755718469619751,0.9372119964467859,0.5139070153236389,-6.981290566604736,-6.492958215063505,1.6491918643015628,2.1180500151071975,28.834958546332967,87
1,media,400,3.4037656784057617,0.08615313858841049,0.07013501971960068,0.17347979545593262,0.09865708649158478,0.8860462307929993,0.9426403821689513,0.5139070153236389,-6.920273417801475,-6.447087472944448,1.6055274868884872,1.8919643054266135,29.456947830769877,87
1,media,800,6.785970211029053,0.08079288927111188,0.07045423239469528,0.16565781831741333,0.0952211543917656,0.8960906267166138,0.9482657719489381,0.5139070153236389,-7.090873865846431,-6.628374870064277,1.6783293876322576,1.8674634391825968,27.71790146945534,87
1,tanh_deep,1,0.013530254364013672,0.3633101948604337,0.1596919745206833,0.21167708933353424,0.14768777787685394,0.8303403258323669,0.9173665187304986,0.5139070153236389,-1.106327547824002,-1.2755093272590876,2.339145482832696,4.26932981848368,88.72245109251783,87
1,tanh_deep,2,0.026717662811279297,0.15070747848535743,0.12122882902622223,0.2029268890619278,0.14831507205963135,0.8440769910812378,0.9332602941243652,0.5139070153236389,-5.234798058077072,-4.880924534768149,3.543506683220586,7.019712832964894,46.63814415823577,87
1,tanh_deep,5,0.06600642204284668,0.07865338895717215,0.06395160406827927,0.1715916097164154,0.08905761688947678,0.8885133266448975,0.9450416297704578,0.5139070153236389,-8.689252521358089,-8.12486546178824,2.0337420914787936,2.942791887653855,11.424541066686151,87
1,tanh_deep,10,0.13065576553344727,0.07901774467556752,0.06611403822898865,0.16748730838298798,0.09196644276380539,0.8937828540802002,0.9468181287695153,0.5139070153236389,-8.511727252417069,-8.224214128292683,1.8072521523287455,2.436540034224663,13.23417683570776,87
1,tanh_deep,20,0.2595853805541992,0.0735365008550145,0.06217227503657341,0.16178815066814423,0.08667073398828506,0.9008884429931641,0.9495379176787212,0.5139070153236389,-7.967170906355573,-7.831867618752345,1.7643160857310598,1.8226201557964004,18.785209925019647,87
1,tanh_deep,50,0.6452488899230957,0.06899290252107497,0.059548016637563705,0.16402451694011688,0.0842222347855568,0.8981294631958008,0.9517973020173504,0.5139070153236389,-9.422860108468496,-8.863772247481233,2.1677473137615877,2.019830102344333,3.946380137935821,87
1,tanh_deep,100,1.2885372638702393,0.06850455840816042,0.06060405075550079,0.15993492305278778,0.08380946516990662,0.9031460285186768,0.9515921557468855,0.5139070153236389,-9.893272651797787,-9.05573531848002,2.328404629439802,1.9184837749322448,0.8488547583872214,87
1,tanh_deep,200,2.5753538608551025,0.06511704056694446,0.058585699647665024,0.15656054019927979,0.07948724925518036,0.9071898460388184,0.9550537277890848,0.5139070153236389,-9.139732989570998,-8.71017337705711,2.5532956551938537,2.677923543676039,6.832487364210015,87
1,tanh_deep,400,5.14717435836792,0.0657775773700327,0.06351813673973083,0.15795230865478516,0.0884433463215828,0.9055323600769043,0.954931515941303,0.5139070153236389,-9.68576392887328,-9.026156106998199,2.5710352820440745,1.8176773725111062,1.2664227433916442,87
1,tanh_deep,800,10.291382789611816,0.06163686960009916,0.06966841965913773,0.15669311583042145,0.09268518537282944,0.9070326089859009,0.9543039519687169,0.5139070153236389,-7.911874525583913,-7.4703920526495855,2.1608038797255116,2.0883501990125373,19.34888353125471,87
2,simple,1,0.009150266647338867,0.8862504302462462,0.7231719493865967,0.44055142998695374,0.3441101610660553,0.2252557873725891,0.5523741698697795,0.5005154013633728,0.20998711705095036,0.7123526853834359,1.1070070800763205,1.547695160926842,102.1405414582156,87
2,simple,2,0.01813793182373047,0.7192091135409857,0.5386027693748474,0.37688127160072327,0.2756637632846832,0.433011531829834,0.6881558986961798,0.5005154013633728,8.839549512584942e-15,0.6474084943885302,2.0817764037454554,2.577340383262635,100.00000000000009,87
2,simple,5,0.044454097747802734,0.3184068824108288,0.23476359248161316,0.2331448793411255,0.17412160336971283,0.7830214500427246,0.8863590737558324,0.5005154013633728,-2.667203144350715,-3.416065547625591,3.8479622331802745,4.921716429053191,72.81138486900392,87
2,simple,10,0.08750200271606445,0.10603079240641976,0.07640834897756577,0.14791758358478546,0.08322501927614212,0.9126616716384888,0.9556529487507495,0.5005154013633728,-9.574337070926628,-9.041004236991746,2.753153486963266,3.85428222543157,2.402272467618476,87
2,simple,20,0.1728343963623047,0.10052580322730512,0.07289595156908035,0.1510741263628006,0.08056909590959549,0.9088943600654602,0.9540656599534012,0.5005154013633728,-8.862408664433262,-8.773931161681942,2.802507002631109,3.6655975893608055,9.659442768264404,87
2,simple,50,0.428272008895874,0.0986221032440462,0.07167205959558487,0.1474364995956421,0.08165225386619568,0.9132288694381714,0.9560419314204713,0.5005154013633728,-7.9404320974930656,-7.5741197493879655,2.1695466832106525,2.031351893161,19.057776783964677,87
2,simple,100,0.8533153533935547,0.09816536401114151,0.07170774787664413,0.14973418414592743,0.08362282812595367,0.9105032682418823,0.9549668347315734,0.5005154013633728,-7.139181860180831,-6.698258963807772,2.0051036151687205,1.7739373072122602,27.225465237708146,87
2,simple,200,1.703688383102417,0.09832433233755684,0.07224760949611664,0.14912845194339752,0.0854843407869339,0.9112259149551392,0.9550670300028382,0.5005154013633728,-7.061217367024178,-6.604267737712143,1.9136894344978637,1.6961890335957461,28.020210325951297,87
2,simple,400,3.3940365314483643,0.09799943232490456,0.07107926160097122,0.14781339466571808,0.08290205150842667,0.9127846956253052,0.9564296363665113,0.5005154013633728,-7.1983914906545055,-6.7371325075592985,1.9355660537860413,1.7400118180600561,26.621901216569775,87
2,simple,800,6.771418333053589,0.0981443522446113,0.07180801033973694,0.14817100763320923,0.08394930511713028,0.9123621582984924,0.9561778986598605,0.5005154013633728,-6.951072266045428,-6.488061296661389,1.979022722993806,1.8624128069287407,29.142994229914088,87
2,media,1,0.009219884872436523,1.1029847315047527,0.7720507383346558,0.4632956087589264,0.3994199335575104,0.14319610595703125,0.6940645423383071,0.5005154013633728,0.9800004193862052,0.6265805214308335,1.0576916942563228,1.5541798003003804,109.98981059517028,87
2,media,2,0.018381118774414062,0.6944272200343695,0.46581873297691345,0.3486011326313019,0.27096039056777954,0.5149096250534058,0.8165983326980418,0.5005154013633728,0.32210235621055805,0.004823437223985202,1.8905961699916831,3.0252569179820896,103.28340832018918,87
2,media,5,0.04475116729736328,0.20740636680732966,0.1540433019399643,0.2079557329416275,0.16137781739234924,0.827373743057251,0.9160584265541878,0.5005154013633728,-3.380995699724742,-4.576056107634289,3.298022002429439,4.990209192672023,65.5352120313482,87
2,media,10,0.08787703514099121,0.11516016161721415,0.08156251907348633,0.15456289052963257,0.09240999817848206,0.9046379327774048,0.9513291648106512,0.5005154013633728,-7.965081807178116,-7.867226758752537,2.239843264570169,3.367224940715113,18.806505533352542,87
2,media,20,0.17354702949523926,0.10381005144621497,0.07028322666883469,0.14981620013713837,0.08299309760332108,0.9104052186012268,0.9546817826810773,0.5005154013633728,-8.040963359501179,-8.130705869229187,2.6402530791204684,3.2383736948540838,18.032993277256086,87
2,media,50,0.42996907234191895,0.1026461360565781,0.0687289610505104,0.15007835626602173,0.08341746032238007,0.9100914001464844,0.9546670111250496,0.5005154013633728,-7.846501634200445,-7.907620897493549,2.65879231648938,3.2633232827112666,20.01527386136142,87
2,media,100,0.859290599822998,0.09956545384129498,0.06638408452272415,0.14518316090106964,0.08053144067525864,0.9158609509468079,0.9576746060852616,0.5005154013633728,-7.879132749151455,-7.964469236882669,2.8493780730036815,2.672936093798528,19.68264272016866,87
2,media,200,1.7058789730072021,0.09125211234609015,0.06093423068523407,0.14117415249347687,0.07879839837551117,0.9204435348510742,0.9602567457458934,0.5005154013633728,-7.3989577706045,-7.030658318036905,1.8951626119725682,2.3342937247237963,24.577392756325178,87
2,media,400,3.3996758460998535,0.0903455968610895,0.05941276252269745,0.14285029470920563,0.08135125786066055,0.9185432195663452,0.9607140885951063,0.5005154013633728,-7.068851766507148,-6.86549261398185,1.8908348274557016,2.2117487562469247,27.94238770125232,87
2,media,800,6.787881851196289,0.09024458671022212,0.05857649818062782,0.14351347088813782,0.08127383887767792,0.917785108089447,0.9589301147342275,0.5005154013633728,-6.919005576983197,-6.7870538965035445,1.8776428386007973,2.3541301923962816,29.469871794258957,87
2,tanh_deep,1,0.013501644134521484,0.29099111757321544,0.13246844708919525,0.17462600767612457,0.11046679317951202,0.878274142742157,0.9561163044640981,0.5005154013633728,-3.250322662369401,-3.255436570139675,1.6891465088202744,2.2482456569691407,66.86725114812027,87
2,tanh_deep,2,0.026740550994873047,0.12583174414572637,0.06769059598445892,0.12228748947381973,0.07642664015293121,0.9403061866760254,0.9703391969031353,0.5005154013633728,-8.14531178581522,-7.355175840357769,2.405301803996756,2.194848449138025,16.969298819416718,87
2,tanh_deep,5,0.06578373908996582,0.0878116631065191,0.05792530998587608,0.12406463921070099,0.06987612694501877,0.9385585784912109,0.9695982793341166,0.5005154013633728,-9.190019866818693,-8.578383956807784,2.422233006228748,1.8918760276007838,6.319879033448601,87
2,tanh_deep,10,0.13094520568847656,0.08444265025577614,0.0567072294652462,0.1257001757621765,0.06767905503511429,0.9369279742240906,0.970078953307565,0.5005154013633728,-9.326816010772554,-8.736044381266442,2.3984283153710817,1.937070030215299,4.925422927904658,87
2,tanh_deep,20,0.260265588760376,0.07974080372243605,0.05466100201010704,0.12793467938899994,0.07071228325366974,0.9346656203269958,0.9669550634841889,0.5005154013633728,-8.500970230232058,-7.9171245183964105,2.085904347102029,1.224351258909186,13.343830476737438,87
2,tanh_deep,50,0.646826982498169,0.08028909096513379,0.05256173014640808,0.11984813958406448,0.0709596499800682,0.9426639676094055,0.9720569667575699,0.5005154013633728,-9.007169442773494,-8.377163909093401,2.562406673247991,1.4997331900483175,8.183797729118316,87
2,tanh_deep,100,1.2894926071166992,0.07462938861101766,0.04924970492720604,0.11930819600820541,0.06448680907487869,0.9431794285774231,0.9717848913206567,0.5005154013633728,-9.257895943797331,-8.549491500191,2.502162491307706,1.273026237212644,5.627972030608247,87
2,tanh_deep,200,2.5743846893310547,0.07356202104605099,0.04737114906311035,0.11757943779230118,0.06103629246354103,0.944814145565033,0.972196103952555,0.5005154013633728,-9.386996183626207,-8.700581389945855,2.7895610180062484,1.8644670699786854,4.311965508397482,87
2,tanh_deep,400,5.147536993026733,0.06730340738129142,0.04839085415005684,0.12659744918346405,0.0718909502029419,0.9360243082046509,0.9688751048574631,0.5005154013633728,-9.16771606608491,-8.526113535792163,2.7720524734137646,1.623967510967402,6.54723683909368,87
2,tanh_deep,800,10.301104307174683,0.06146058667226574,0.04922322556376457,0.13143238425254822,0.06630336493253708,0.931044340133667,0.9663479143480684,0.5005154013633728,-9.570633292519224,-8.86362262983213,2.7840575796396476,0.8523782161402043,2.440027599192422,87
3,simple,1,0.009362459182739258,1.0154112847888388,0.7466639280319214,0.4538516402244568,0.2761073112487793,0.28360146284103394,0.8134107025804207,0.5362120270729065,2.196224281959971,1.8733610232457005,1.012959279471358,1.3484464826198248,122.38760735942886,87
3,simple,2,0.018406391143798828,0.6860800722082946,0.6068576574325562,0.4136737883090973,0.2539084851741791,0.4048275351524353,0.8178382611138573,0.5362120270729065,3.017709453813172,2.564627823199839,1.2445861590967182,1.4650725021529825,130.76156425905373,87
3,simple,5,0.0447695255279541,0.4630850141168035,0.4367468059062958,0.3521593511104584,0.21088698506355286,0.5686743259429932,0.8187850367889388,0.5362120270729065,5.4602692039765905,4.317500509727977,2.1935613466908075,3.450059326319056,155.6602365339102,87
3,simple,10,0.08800292015075684,0.3094345988114341,0.2898421883583069,0.289291113615036,0.17858338356018066,0.708930253982544,0.8767538236520147,0.5362120270729065,3.0315113952157144,2.78228120799105,1.7454491095729134,2.8024277699058313,130.90225683196445,87
3,simple,20,0.1737518310546875,0.18078359833491317,0.16877837479114532,0.22027164697647095,0.14501214027404785,0.8312498927116394,0.9235239466227069,0.5362120270729065,0.0013831638841863558,0.6068143217162367,0.920212510726517,1.1110081972069858,100.01409952991015,87
3,simple,50,0.4276397228240967,0.140133636112004,0.13099971413612366,0.19237777590751648,0.13843247294425964,0.8712827563285828,0.9359567778719765,0.5362120270729065,2.6163675137524933e-07,0.050947921897339654,0.16103832505686233,2.9144404571912474e-06,100.0000026670413,87
3,simple,100,0.8495678901672363,0.13925999989601612,0.12918230891227722,0.19000285863876343,0.13895148038864136,0.8744412064552307,0.9361185708317492,0.5362120270729065,9.993106497852011e-08,0.027233693191365593,0.11063496498638703,1.578703211491117e-06,100.00000101866529,87
3,simple,200,1.6922485828399658,0.13937025145031948,0.12917956709861755,0.190021812915802,0.13984361290931702,0.874416172504425,0.9360115633587797,0.5362120270729065,2.8209571212300943e-07,0.029695293511130066,0.11761151611853661,2.2142148855541777e-06,100.0000028755934,87
3,simple,400,3.373502254486084,0.14048413292343426,0.131085604429245,0.1906336396932602,0.13953213393688202,0.8736061453819275,0.935717784648636,0.5362120270729065,4.6070772663497905e-07,0.042888990279153306,0.14940031586198121,2.81843856186903e-06,100.0000046963071,87
3,simple,800,6.7424163818359375,0.1388907096015508,0.12873190641403198,0.18987897038459778,0.1402873545885086,0.8746048808097839,0.93610568627805,0.5362120270729065,2.119017981083715e-07,0.02431065031040984,0.10217277811724355,1.6047097656235465e-06,100.0000021600591,87
3,media,1,0.009158134460449219,0.774174505130204,0.594135582447052,0.4016244113445282,0.30099719762802124,0.43899452686309814,0.848398456406106,0.5362120270729065,1.0535479678515471,0.6874946792010088,1.0545006434421413,1.6174044492267527,110.73953076301272,87
3,media,2,0.018256425857543945,0.48482486762310084,0.3296196460723877,0.2954421639442444,0.2043612003326416,0.6964209079742432,0.884352280577915,0.5362120270729065,0.8065403819351071,0.10476714141343633,1.8866058944050292,2.7051579435648065,108.22161449475135,87
3,media,5,0.044495582580566406,0.1430438356594339,0.10653913766145706,0.16397224366664886,0.10592738538980484,0.9064879417419434,0.9521640693086718,0.5362120270729065,-5.65091103191654,-5.643775920110173,2.804235269643597,5.108484472983025,42.39642169300163,87
3,media,10,0.08774781227111816,0.10280144144801916,0.08604210615158081,0.14240851998329163,0.081446073949337,0.9294659495353699,0.9662072225858909,0.5362120270729065,-7.9323569560738525,-7.612486003369851,1.9646480093461542,3.191299261856015,19.140092190888357,87
3,media,20,0.17332720756530762,0.10270660707867514,0.08591938018798828,0.14028090238571167,0.08108262717723846,0.9315577745437622,0.9668820498702446,0.5362120270729065,-7.925368427301701,-7.787177293924221,1.8191939644210209,2.962774224367805,19.211331016292547,87
3,media,50,0.42978620529174805,0.10209311787097791,0.08574872463941574,0.14352275431156158,0.08304571360349655,0.9283578991889954,0.9660221872169572,0.5362120270729065,-7.179264956638543,-6.9750774549132375,1.6617023811010865,2.5584166655753364,26.81687098227785,87
3,media,100,0.8577637672424316,0.09475528646079215,0.0799633264541626,0.1372566819190979,0.08011366426944733,0.9344769716262817,0.9689687468319254,0.5362120270729065,-6.791456918493521,-6.689247555811653,1.5125527816739786,2.2496421242019906,30.77006199293047,87
3,media,200,1.7004930973052979,0.10811006530479254,0.08747576922178268,0.14587284624576569,0.08726921677589417,0.925992488861084,0.9652197590215013,0.5362120270729065,-6.03399420928668,-5.818143331107254,1.6279953882147487,2.216776821083733,38.4913944007474,87
3,media,400,3.3895092010498047,0.09428855072154131,0.07978951930999756,0.14425158500671387,0.08726879954338074,0.9276283979415894,0.9675876341967874,0.5362120270729065,-5.789995039561083,-5.821639385039158,1.3717036097344173,1.4038639391047898,40.97864383729783,87
3,media,800,6.780834913253784,0.09121019095764321,0.0763927549123764,0.14164404571056366,0.08468776941299438,0.9302211999893188,0.9667519414729249,0.5362120270729065,-6.634090884039924,-6.322260181568096,1.3397421406344565,2.124628638519895,32.3742009781863,87
3,tanh_deep,1,0.013399124145507812,0.30242839325236176,0.1315573900938034,0.1954537332057953,0.11136481165885925,0.8671337366104126,0.9545735928933584,0.5362120270729065,-4.3647705368686145,-4.127204282371754,2.083949741605803,3.8437890898427396,55.50692622967774,87
3,tanh_deep,2,0.02645134925842285,0.12748144666103942,0.08837834000587463,0.14348985254764557,0.08960570394992828,0.9283907413482666,0.963992050217715,0.5362120270729065,-8.233278116987385,-7.332020377846154,2.72649199956754,4.140488743292073,16.07259819584725,87
3,tanh_deep,5,0.06525421142578125,0.08738127755005104,0.07597006112337112,0.13155537843704224,0.07635695487260818,0.9398072957992554,0.9711252010052798,0.5362120270729065,-8.656736657727905,-8.365364944994502,1.598741078806665,2.4817667608198697,11.75599737280424,87
3,tanh_deep,10,0.12990474700927734,0.09150761330528781,0.08715610951185226,0.1471085399389267,0.09181056916713715,0.9247333407402039,0.9656981846086569,0.5362120270729065,-8.013220743781625,-8.04039204321803,1.3946704538749217,2.237521125714437,18.315792622001783,87
3,tanh_deep,20,0.2581906318664551,0.0804332294340502,0.07044757902622223,0.14405594766139984,0.08209903538227081,0.9278246164321899,0.9694084105908609,0.5362120270729065,-7.643081754187538,-7.787728344119515,1.43089267303873,2.3348339380611494,22.088871007262615,87
3,tanh_deep,50,0.6431372165679932,0.07458181224582108,0.06994429975748062,0.14270861446857452,0.08116172254085541,0.9291683435440063,0.969225937812148,0.5362120270729065,-8.685285926926063,-8.623853269261847,1.3061987984414254,1.340471660257359,11.46497526069253,87
3,tanh_deep,100,1.2811191082000732,0.07601425089288955,0.06851904094219208,0.13962264358997345,0.07856813818216324,0.9321986436843872,0.9667777502871868,0.5362120270729065,-8.256095636484796,-8.241791261121232,1.7130966692728942,2.354050190394056,15.84000370555764,87
3,tanh_deep,200,2.5565600395202637,0.07059368009089564,0.06658220291137695,0.13766302168369293,0.07796649634838104,0.9340884685516357,0.9695541641274626,0.5362120270729065,-9.644156977822812,-9.520000179355595,1.5224620928705592,1.6366076617132759,1.6905506847827594,87
3,tanh_deep,400,5.111586809158325,0.07213878983194744,0.07231593877077103,0.14129438996315002,0.09045629948377609,0.9305652379989624,0.9693267793960121,0.5362120270729065,-8.0636799134599,-8.063242563984602,1.4483876138795337,1.7559049415043582,17.801427997350665,87
3,tanh_deep,800,10.234407186508179,0.06823681112738048,0.07287423312664032,0.14083699882030487,0.08241073042154312,0.9310141205787659,0.9693211706752428,0.5362120270729065,-9.374495566435577,-9.031770163088499,1.3848793521280078,1.7890847125351463,4.4393927988218485,87
4,simple,1,0.00918889045715332,1.0901374174049385,1.0380475521087646,0.5562586784362793,0.4733497202396393,-0.0033338069915771484,0.6742951986791259,0.5553337335586548,-0.5281835075951157,-0.43141057135478295,0.28701651425119196,0.5725787201808618,94.61586638537088,87
4,simple,2,0.018256187438964844,0.9473849157157086,0.8862641453742981,0.517947793006897,0.4349365532398224,0.13011091947555542,0.7099588045609861,0.5553337335586548,-1.6336047787076442,-1.4321995204328926,0.832613774002163,1.0151570148702829,83.34755577260302,87
4,simple,5,0.04477739334106445,0.36986395467588146,0.31895163655281067,0.29786866903305054,0.24773269891738892,0.7122988700866699,0.9365531914333615,0.5553337335586548,-8.438795713779093,-8.509106508452852,1.9514818642702279,3.6047391582215607,13.977617596543395,87
4,simple,10,0.08902955055236816,0.12715998729924874,0.13093754649162292,0.17575585842132568,0.12303061038255692,0.8998360633850098,0.9568528994333794,0.5553337335586548,-11.22775122574551,-11.57932868730753,3.5169263692958457,6.487810726204515,14.452102199240676,87
4,simple,20,0.1744709014892578,0.10768089963449358,0.11590525507926941,0.1663202941417694,0.09971893578767776,0.9103021025657654,0.9585205131895101,0.5553337335586548,-8.256617876847411,-9.655260222362704,4.575544827874875,7.219952247774599,15.834680154460646,87
4,simple,50,0.42972707748413086,0.10724813970518908,0.11478596180677414,0.16487616300582886,0.09656897932291031,0.9118529558181763,0.9582637063934697,0.5553337335586548,-7.742081699791789,-9.154855798990287,4.617544007452018,6.7273876952407985,21.079697249828865,87
4,simple,100,0.8541736602783203,0.10773740947095696,0.11515375226736069,0.169004887342453,0.09942968189716339,0.9073830842971802,0.9583922931152866,0.5553337335586548,-7.735527872095392,-9.120734591167153,4.5489715088678535,6.746139937520404,21.146504871606613,87
4,simple,200,1.7040901184082031,0.10738832166535067,0.1148623451590538,0.1670338660478592,0.09770327806472778,0.909530758857727,0.9581252297184197,0.5553337335586548,-7.602517699282479,-9.010474137918434,4.574841128689478,6.624676675823448,22.50236799915924,87
4,simple,400,3.3996741771698,0.10734892739845565,0.11808513849973679,0.16949854791164398,0.09978120774030685,0.9068412184715271,0.9569069690034571,0.5553337335586548,-7.506614643572614,-8.996357473100444,4.551203888284891,6.932304366152567,23.47997305226694,87
4,simple,800,6.799064636230469,0.10767857510139757,0.11222102493047714,0.16495048999786377,0.09632717072963715,0.9117735028266907,0.9590025152224624,0.5553337335586548,-7.481592451609154,-8.784354276526768,4.556813456767986,6.655455460371659,23.735041268000476,87
4,media,1,0.009090900421142578,0.6853807299066493,0.5608121752738953,0.42057880759239197,0.3093295395374298,0.42642974853515625,0.7341699100011766,0.5553337335586548,2.6159171535032235,2.236764025241191,1.9248618152510137,3.49216450898362,126.66582215599615,87
4,media,2,0.018079757690429688,0.43046390139122426,0.3895654082298279,0.34765347838401794,0.2504114508628845,0.6080912351608276,0.7904952786493125,0.5553337335586548,3.2544452555636223,2.1939047765837882,2.640094598684243,4.472099217908858,133.1747732473356,87
4,media,5,0.04436850547790527,0.13951459529865176,0.13735315203666687,0.1876211166381836,0.12460768222808838,0.8858554363250732,0.9441249185801442,0.5553337335586548,-4.794182911694412,-5.41082554821187,2.7685332328975925,3.4859627353371057,51.129633927681844,87
4,media,10,0.08796238899230957,0.10039271377404173,0.10837634652853012,0.1631793975830078,0.09280995279550552,0.9136579036712646,0.9604220540804195,0.5553337335586548,-7.314006599153459,-7.469253744294101,2.634401209127032,4.767966156354328,25.44335780679451,87
4,media,20,0.17354798316955566,0.09671760526016762,0.10554271191358566,0.15576542913913727,0.08976412564516068,0.9213255047798157,0.9621558790710181,0.5553337335586548,-7.489900680229925,-7.649684294321496,2.9871577279452612,5.210338422743778,23.65034984475102,87
4,media,50,0.4291348457336426,0.09283154498315009,0.11157309263944626,0.16705425083637238,0.09373416006565094,0.9095087051391602,0.9609911194671058,0.5553337335586548,-7.4865805829005545,-7.302858635280425,2.579222550656536,3.1847408065192937,23.684193854224727,87
4,media,100,0.8546135425567627,0.09008188486646793,0.10621090233325958,0.15922412276268005,0.0872969925403595,0.9177928566932678,0.9608067933792975,0.5553337335586548,-7.409993314464232,-7.010514623312871,2.553079731827936,2.7567826227627528,24.464899954493056,87
4,media,200,1.703709363937378,0.08826296832405497,0.1076071709394455,0.16163620352745056,0.09218481183052063,0.9152832627296448,0.9587814812838125,0.5553337335586548,-6.44342628404766,-6.117314896238301,1.9155223355772748,2.6232707606884356,34.317774882286855,87
4,media,400,3.397603988647461,0.08666479467038228,0.09922432899475098,0.15669763088226318,0.08927509933710098,0.9203810095787048,0.9619258004375619,0.5553337335586548,-5.918498759530976,-6.080480076554296,1.8397798018634495,2.1659862401786807,39.66871804759454,87
4,media,800,6.82572603225708,0.0867709701287867,0.09783419221639633,0.15689322352409363,0.09002520143985748,0.9201821088790894,0.9621094144952775,0.5553337335586548,-6.07231932378655,-5.840536660558713,1.746876506353704,1.957027495369168,38.10072045069776,87
4,tanh_deep,1,0.013642549514770508,0.2801427111616285,0.21380400657653809,0.2565607726573944,0.14935941994190216,0.7865616679191589,0.9208388067786099,0.5553337335586548,-2.1109849351694656,-2.5412530811539678,2.3897857958490465,4.375671808755483,78.48129525821136,87
4,tanh_deep,2,0.026956796646118164,0.13359790056955068,0.11404441297054291,0.17383398115634918,0.11234022676944733,0.9020146131515503,0.9500482599338119,0.5553337335586548,-6.59747939246344,-6.247626272628897,3.3832312363099284,6.344535699468999,32.74740680465403,87
4,tanh_deep,5,0.06605958938598633,0.08097429897819157,0.09288499504327774,0.1592138707637787,0.08559232950210571,0.9178034067153931,0.9637373332766574,0.5553337335586548,-8.178000113808551,-7.819586824312676,2.1022666878727696,3.0417863274770456,16.63608446678338,87
4,tanh_deep,10,0.1307985782623291,0.07846058830367433,0.09851601719856262,0.15128186345100403,0.08021681755781174,0.925789475440979,0.9631633486876484,0.5553337335586548,-8.449913197412485,-8.081853103725306,2.139527547813352,3.077030846160379,13.864289526885988,87
4,tanh_deep,20,0.25991296768188477,0.08010704257180841,0.08585449308156967,0.15704816579818726,0.08625203371047974,0.9200243949890137,0.9655675161601025,0.5553337335586548,-8.187779759386572,-7.800699604432429,2.0564237525295574,2.4012512046376466,16.53639389004514,87
4,tanh_deep,50,0.6468660831451416,0.07378830301558252,0.09223105758428574,0.15875343978405,0.08790328353643417,0.918278157711029,0.9612490770371472,0.5553337335586548,-8.940648293269554,-8.579009962889772,1.735235709024692,1.7517675740090954,8.861893034968874,87
4,tanh_deep,100,1.288027048110962,0.07486225524878833,0.07668814808130264,0.14967326819896698,0.07529903203248978,0.9273592233657837,0.9652497975776287,0.5553337335586548,-8.817236477032852,-8.188018255760635,2.2895326533122553,2.269231274872576,10.119913587840456,87
4,tanh_deep,200,2.5696628093719482,0.071489819186594,0.07631304860115051,0.14945027232170105,0.07883087545633316,0.9275755286216736,0.9655338980397313,0.5553337335586548,-9.481209929156272,-8.965120947319313,1.9057309887368938,1.311662698946213,3.3515807425456554,87
4,tanh_deep,400,5.141067028045654,0.07129507769802938,0.07107415795326233,0.1461065113544464,0.07045246660709381,0.9307801127433777,0.9647736755260287,0.5553337335586548,-9.301651331740269,-9.256113062120292,2.7105926519024965,2.942371004277714,5.181943611210314,87
4,tanh_deep,800,10.272480726242065,0.07059748341718058,0.08880475908517838,0.16339172422885895,0.09108258038759232,0.9134330749511719,0.9569374720467358,0.5553337335586548,-9.427055424878306,-9.270689236554519,3.0052793064618832,2.981441788969345,3.9036144252975986,87
