seed,formulacion,arquitectura,n_params,epocas,mejor_epoca,tiempo_s,rmse,mae,r2,r,rmse_trivial,g_mediana,g_media,g_std,g_iqr,err_rel_%,n
0,v1,simple,7,81,1,1.4463253021240234,0.5089680552482605,0.43162328004837036,0.29464423656463623,0.5881431887942244,0.6060192584991455,-1.3617725166009693,-1.814578478554274,1.2322622053807086,1.1063630445225545,86.1185268440268,91
0,v1,media,13,234,154,1.9597840309143066,0.491698294878006,0.4148164987564087,0.34169894456863403,0.5882487129555609,0.6060192584991455,-1.1045717083227014,-1.043245215538847,0.9518744319237352,0.6590169472643498,88.74034955838225,91
0,v1,tanh_deep,1153,281,201,3.6654772758483887,0.4897286891937256,0.4115603268146515,0.3469623327255249,0.5892747378731608,0.6060192584991455,-2.22926648780333,-3.087939676486657,3.1464606209435195,2.3515651508027373,77.27557097040439,91
0,tau,simple,7,151,71,1.2607979774475098,0.20896713435649872,0.1377965211868286,0.8468559980392456,0.928819274819664,0.5339836478233337,-2.21192313902393,-2.977819816152296,2.0688485565942174,1.8252989279453722,77.45236351657564,91
0,tau,media,13,238,158,1.9966950416564941,0.18512682616710663,0.11122780293226242,0.8798059821128845,0.9382568627944212,0.5339836478233337,-7.5576602811126845,-7.113805912239624,2.6624126921329614,2.5592967603415833,22.959630161950212,91
0,tau,tanh_deep,1153,284,204,3.695981740951538,0.17940157651901245,0.10215809941291809,0.8871253132820129,0.9421970567815668,0.5339836478233337,-9.08997730955229,-8.023745317417958,2.7255787269772744,1.5023844794619503,7.339680840445563,91
0,tau_v0,simple,9,142,62,1.221214771270752,0.20064662396907806,0.14800624549388885,0.8588087558746338,0.9267449217535663,0.5339836478233337,8.54078885392795e-08,0.15912218969335196,0.6074067628228995,1.8486274558915383e-06,100.00000087062068,91
0,tau_v0,media,17,200,120,1.7270302772521973,0.16076882183551788,0.08691342175006866,0.9093542098999023,0.9538371464771118,0.5339836478233337,-8.686188178631125,-7.880920711105958,2.5754530075878193,1.8385464899424484,11.45577799560525,91
0,tau_v0,tanh_deep,1185,303,223,4.025698900222778,0.16267943382263184,0.08394427597522736,0.9071868658065796,0.9527946627217949,0.5339836478233337,-9.320411552755091,-8.311122766430358,3.0259976131779345,2.0830538243728016,4.990707922985821,91
1,v1,simple,7,306,226,2.5613975524902344,0.6306473016738892,0.5345223546028137,-1.3470649719238281e-05,,0.6306430697441101,2.9886125670811924e-15,2.3992449162938548e-15,1.1402153409860518e-14,1.1005808533249234e-14,100.00000000000004,91
1,v1,media,13,163,83,1.3805632591247559,0.5285111665725708,0.44838520884513855,0.29767024517059326,0.5471288900642802,0.6306430697441101,8.415341716805358e-07,0.1744965408422288,0.5802772456107185,1.9651922040786474e-06,100.00000857832998,91
1,v1,tanh_deep,1153,152,72,1.973515272140503,0.5269358158111572,0.4472447335720062,0.3018507957458496,0.5504288775977249,0.6306430697441101,-2.729176369451926,-3.2622105249059388,2.802861461458584,2.372544050423957,72.1796496488081,91
1,tau,simple,7,117,37,0.974494457244873,0.21918173134326935,0.15706859529018402,0.8445547819137573,0.9200723420001453,0.5559242963790894,1.1344567723003962e-06,0.20350084909687963,0.7759755039765448,1.6911178757350598e-06,100.00001156428921,91
1,tau,media,13,186,106,1.5649466514587402,0.2203488051891327,0.14566387236118317,0.842894971370697,0.9268148007771841,0.5559242963790894,-2.171238500465281,-2.804894257093589,1.8776088752593632,2.237850195614734,77.86708969964036,91
1,tau,tanh_deep,1153,184,104,2.403576135635376,0.18450191617012024,0.10470016300678253,0.8898535370826721,0.943409721830665,0.5559242963790894,-8.978861097219824,-7.722605282620153,3.053006217203473,3.229920670552291,8.472363942713322,91
1,tau_v0,simple,9,145,65,1.2428028583526611,0.2140520066022873,0.13358618319034576,0.8517457246780396,0.9337904926977648,0.5559242963790894,-2.5846477590664003,-3.247257302646446,2.306136636911639,2.2981334138367426,73.6529280421366,91
1,tau_v0,media,17,250,170,2.143660306930542,0.1807938665151596,0.10264134407043457,0.8942364454269409,0.945705322306926,0.5559242963790894,-7.307506579876749,-6.5613328004259674,2.87605417479725,2.8729491155784768,25.509616922765048,91
1,tau_v0,tanh_deep,1185,97,17,1.283862590789795,0.1681557446718216,0.09050765633583069,0.9085060954093933,0.9537352547209226,0.5559242963790894,-8.492249191216356,-7.976530238195022,2.969831346071835,3.231972423929262,13.432729957019822,91
2,v1,simple,7,142,62,1.1986615657806396,0.5089946985244751,0.42493489384651184,0.3175573945045471,0.5663142390873555,0.6161410808563232,-1.3182508085129996e-07,0.11167546662645517,0.3541869957837208,7.07859570736602e-07,99.99999865621731,91
2,v1,media,13,239,159,2.0064611434936523,0.5082495808601379,0.42383480072021484,0.3195539116859436,0.5666267399032296,0.6161410808563232,2.467555018093037e-07,0.07849525667588028,0.31637544039298604,6.586044818401859e-07,100.0000025153466,91
2,v1,tanh_deep,1153,134,54,1.7473485469818115,0.5059790015220642,0.4214646816253662,0.3256201148033142,0.5719806181059915,0.6161410808563232,-2.495212210979598,-3.1324585780705374,2.0474139328832797,2.167695606302553,74.56460539266465,91
2,tau,simple,7,231,151,1.9530620574951172,0.1957203596830368,0.14294523000717163,0.864266037940979,0.9322245458633174,0.531241238117218,-4.1572224018793236e-07,0.05259551282153521,0.3488516638311818,4.6799682018594524e-07,99.99999576226054,91
2,tau,media,13,114,34,0.9627730846405029,0.16292618215084076,0.10318835079669952,0.9059414863586426,0.9569218711717462,0.531241238117218,-6.029555914897151,-5.560194128613646,1.6510658680408208,1.8359983315652766,38.536636953138114,91
2,tau,tanh_deep,1153,84,4,1.0942604541778564,0.16030649840831757,0.09860803931951523,0.9089418649673462,0.9599444112596502,0.531241238117218,-8.763295181924784,-8.115459732618035,2.1035315380856168,2.7182974232128565,10.669773884558781,91
2,tau_v0,simple,9,94,14,0.8108420372009277,0.16975264251232147,0.10164493322372437,0.8978943824768066,0.9587072817662216,0.531241238117218,-3.6036379546380304,-3.862069425173924,2.2608702495132023,3.4468105828366746,63.265668148440064,91
2,tau_v0,media,17,120,40,1.0340909957885742,0.16419124603271484,0.11144135892391205,0.9044751524925232,0.9555114798974995,0.531241238117218,-1.7380505251835139,-1.8966329836642155,1.9850795260113043,3.427295300855958,82.28286926418437,91
2,tau_v0,tanh_deep,1185,84,4,1.1249408721923828,0.12675659358501434,0.07421546429395676,0.9430678486824036,0.9737361411853397,0.531241238117218,-9.594631990273061,-8.956076815577307,2.4335269563544264,3.0660752716818074,2.1953925558301632,91
3,v1,simple,7,440,360,3.6962807178497314,0.523123025894165,0.44158920645713806,0.2992556691169739,0.5497648333610285,0.6249194145202637,-0.4668615188665407,-0.2678649908645339,0.6125110838487966,0.5562376003919107,95.24096311043282,91
3,v1,media,13,88,8,0.7418873310089111,0.52162104845047,0.44014906883239746,0.30327385663986206,0.552846402639521,0.6249194145202637,-2.9980480611339635,-3.134582168388982,2.2747567533662116,2.931420751243934,69.43885768466907,91
3,v1,tanh_deep,1153,162,82,2.115687131881714,0.5210106372833252,0.43994954228401184,0.30490344762802124,0.5523301081284461,0.6249194145202637,-2.301692139011268,-2.784291847127073,2.5287268898613275,2.030712117882864,76.53728706410533,91
3,tau,simple,7,107,27,0.8992159366607666,0.21592676639556885,0.15529608726501465,0.844524621963501,0.9197868881777217,0.5476153492927551,-6.634489322365766e-07,0.2287232880496952,0.7066485513460308,0.11443155667032467,99.99999323701395,91
3,tau,media,13,110,30,0.9256129264831543,0.19594191014766693,0.12844011187553406,0.8719724416732788,0.9354870891947247,0.5476153492927551,-3.4424814231523753,-2.853204693308523,1.6229872431724794,2.6186022922350016,64.90844624717252,91
3,tau,tanh_deep,1153,181,101,2.3566794395446777,0.18919603526592255,0.1036388948559761,0.8806361556053162,0.9391331796515607,0.5476153492927551,-8.518625738096764,-7.426481099577581,2.76493652421539,3.471188217264028,13.163855880766933,91
3,tau_v0,simple,9,140,60,1.2218942642211914,0.20979711413383484,0.14826615154743195,0.8532264232635498,0.9245039225976227,0.5476153492927551,7.752866082455512e-08,0.19629330288398109,0.7576920187834487,4.304233611085451e-06,100.00000079030235,91
3,tau_v0,media,17,228,148,1.9803166389465332,0.17800240218639374,0.09665153175592422,0.8943424820899963,0.9466554277011366,0.5476153492927551,-8.276772822678009,-7.283001055268255,2.5216263871945506,1.9599275505616855,15.629227087889824,91
3,tau_v0,tanh_deep,1185,240,160,3.1867661476135254,0.15623091161251068,0.08130675554275513,0.9186078310012817,0.9590542250206233,0.5476153492927551,-8.991171922796152,-8.189989604851396,2.688023639843807,1.5530740959409695,8.346871327256355,91
4,v1,simple,7,99,19,0.8430063724517822,0.5207588076591492,0.44192853569984436,0.2828311324119568,0.5446180603053762,0.6149303317070007,8.229740839915678e-07,0.1408281835799498,0.39438136953675107,3.179747176562664e-06,100.0000083891344,91
4,v1,media,13,252,172,2.131558656692505,0.5186781883239746,0.4398336112499237,0.28855037689208984,0.5491495094393027,0.6149303317070007,-3.3300518001556343,-3.9427763750784948,2.698785303446497,2.6905259400662516,66.05451783735337,91
4,v1,tanh_deep,1153,94,14,1.2291014194488525,0.5200750231742859,0.44184786081314087,0.2847133278846741,0.5478968391730551,0.6149303317070007,-4.058187902115408,-3.83587323751387,2.3223207510424766,3.6860563069465044,58.632131476907155,91
4,tau,simple,7,124,44,1.0458736419677734,0.20898669958114624,0.128557950258255,0.8459458351135254,0.9399493565016219,0.532453715801239,-2.7067943794082456,-3.4725792182947695,2.2824273157065234,2.328671428444429,72.40780449125131,91
4,tau,media,13,590,510,4.990205526351929,0.15930035710334778,0.10056822001934052,0.9104903936386108,0.9569441717492615,0.532453715801239,-6.822880518424735,-6.243451696853867,1.9532502457676213,1.9912024614896389,30.449739873346235,91
4,tau,tanh_deep,1153,276,196,3.609602451324463,0.15416373312473297,0.09012085944414139,0.9161697626113892,0.9600946902997151,0.532453715801239,-8.941391862904242,-8.068858427644235,2.060546508959118,1.024075802364739,8.854313324115788,91
4,tau_v0,simple,9,134,54,1.1527950763702393,0.19902411103248596,0.11791377514600754,0.8602834939956665,0.9450308132851964,0.532453715801239,-3.2449206919727454,-4.011634857455698,2.6978287156914242,3.0413719457344497,66.92231710527273,91
4,tau_v0,media,17,214,134,1.8448867797851562,0.14443065226078033,0.08360458165407181,0.9264208078384399,0.9644238850293686,0.532453715801239,-7.795856249497386,-7.285827107384464,2.875157587138342,3.4916330054985014,20.531536702371195,91
4,tau_v0,tanh_deep,1185,270,190,3.5680902004241943,0.13558673858642578,0.074049212038517,0.9351558685302734,0.9704404128466565,0.532453715801239,-8.613995414820975,-7.798446695026821,2.316127853789989,1.5462776766397885,12.191687922314225,91
